week,promo,holiday,forecast,lo95,lo80,hi80,hi95
2026-10-05,0,0,13723.0,12602.0,13051.0,14516.0,14996.0
2026-10-12,0,0,13616.0,12503.0,12949.0,14403.0,14879.0
2026-10-19,0,0,13752.0,12628.0,13079.0,14547.0,15028.0
2026-10-26,0,0,13584.0,12474.0,12919.0,14370.0,14845.0
2026-11-02,0,0,13485.0,12383.0,12825.0,14265.0,14736.0
2026-11-09,0,0,13594.0,12483.0,12929.0,14380.0,14855.0
2026-11-16,1,0,15688.0,14406.0,14920.0,16595.0,17143.0
2026-11-23,0,0,13475.0,12374.0,12816.0,14254.0,14725.0
2026-11-30,0,0,14474.0,13291.0,13765.0,15311.0,15817.0
2026-12-07,0,0,15268.0,14020.0,14520.0,16150.0,16684.0
2026-12-14,1,0,17660.0,16217.0,16796.0,18681.0,19298.0
2026-12-21,0,1,15575.0,14302.0,14813.0,16476.0,17020.0
2026-12-28,0,1,14652.0,13455.0,13935.0,15500.0,16012.0
