week,units,promo,holiday
2021-01-04,9621,0,0
2021-01-11,8935,0,0
2021-01-18,9242,0,0
2021-01-25,10293,0,0
2021-02-01,10887,0,0
2021-02-08,10174,0,0
2021-02-15,9573,0,0
2021-02-22,10097,0,0
2021-03-01,9756,0,0
2021-03-08,11709,1,0
2021-03-15,9728,0,0
2021-03-22,9802,0,0
2021-03-29,10321,0,1
2021-04-05,10454,0,0
2021-04-12,10846,0,0
2021-04-19,10584,0,0
2021-04-26,10174,0,0
2021-05-03,9495,0,0
2021-05-10,8931,0,0
2021-05-17,9110,0,0
2021-05-24,9049,0,0
2021-05-31,8914,0,0
2021-06-07,9628,0,0
2021-06-14,9907,0,0
2021-06-21,10255,0,0
2021-06-28,9961,0,0
2021-07-05,9928,0,0
2021-07-12,9826,0,0
2021-07-19,9898,0,0
2021-07-26,10495,0,0
2021-08-02,12614,1,0
2021-08-09,10705,0,0
2021-08-16,11745,0,0
2021-08-23,12432,0,0
2021-08-30,11124,0,0
2021-09-06,13178,1,0
2021-09-13,10127,0,0
2021-09-20,10610,0,0
2021-09-27,10033,0,0
2021-10-04,10088,0,0
2021-10-11,10564,0,0
2021-10-18,10534,0,0
2021-10-25,10584,0,0
2021-11-01,10480,0,0
2021-11-08,10972,0,0
2021-11-15,10812,0,0
2021-11-22,9988,0,0
2021-11-29,12122,1,0
2021-12-06,9769,0,0
2021-12-13,10392,0,0
2021-12-20,12155,0,1
2021-12-27,12489,0,1
2022-01-03,11045,0,1
2022-01-10,8986,0,0
2022-01-17,8970,0,0
2022-01-24,10168,0,0
2022-01-31,12559,1,0
2022-02-07,10152,0,0
2022-02-14,10800,0,0
2022-02-21,10824,0,0
2022-02-28,11136,0,0
2022-03-07,11222,0,0
2022-03-14,11169,0,0
2022-03-21,10762,0,0
2022-03-28,11368,0,0
2022-04-04,11472,0,0
2022-04-11,13184,0,1
2022-04-18,11234,0,0
2022-04-25,10772,0,0
2022-05-02,12280,1,0
2022-05-09,9163,0,0
2022-05-16,10527,0,0
2022-05-23,10999,0,0
2022-05-30,10662,0,0
2022-06-06,11056,0,0
2022-06-13,11191,0,0
2022-06-20,10171,0,0
2022-06-27,10676,0,0
2022-07-04,10857,0,0
2022-07-11,13040,1,0
2022-07-18,10164,0,0
2022-07-25,11175,0,0
2022-08-01,11651,0,0
2022-08-08,12674,0,0
2022-08-15,12839,0,0
2022-08-22,12537,0,0
2022-08-29,12761,0,0
2022-09-05,11805,0,0
2022-09-12,11331,0,0
2022-09-19,10559,0,0
2022-09-26,11464,0,0
2022-10-03,11764,0,0
2022-10-10,11923,0,0
2022-10-17,11916,0,0
2022-10-24,11689,0,0
2022-10-31,11615,0,0
2022-11-07,11394,0,0
2022-11-14,11308,0,0
2022-11-21,13477,1,0
2022-11-28,11576,0,0
2022-12-05,12931,0,0
2022-12-12,13510,0,0
2022-12-19,14451,0,1
2022-12-26,13218,0,1
2023-01-02,12405,0,1
2023-01-09,10473,0,0
2023-01-16,10421,0,0
2023-01-23,10810,0,0
2023-01-30,10856,0,0
2023-02-06,11211,0,0
2023-02-13,11739,0,0
2023-02-20,11508,0,0
2023-02-27,11453,0,0
2023-03-06,11435,0,0
2023-03-13,11590,0,0
2023-03-20,11107,0,0
2023-03-27,11617,0,0
2023-04-03,12849,0,1
2023-04-10,12746,0,0
2023-04-17,12069,0,0
2023-04-24,11844,0,0
2023-05-01,11926,0,0
2023-05-08,11221,0,0
2023-05-15,10811,0,0
2023-05-22,11005,0,0
2023-05-29,13186,1,0
2023-06-05,10335,0,0
2023-06-12,11535,0,0
2023-06-19,12537,0,0
2023-06-26,12130,0,0
2023-07-03,11947,0,0
2023-07-10,11544,0,0
2023-07-17,11990,0,0
2023-07-24,11784,0,0
2023-07-31,11972,0,0
2023-08-07,15700,1,0
2023-08-14,12236,0,0
2023-08-21,13527,0,0
2023-08-28,13715,0,0
2023-09-04,13028,0,0
2023-09-11,12746,0,0
2023-09-18,15636,1,0
2023-09-25,11833,0,0
2023-10-02,12090,0,0
2023-10-09,11525,0,0
2023-10-16,11796,0,0
2023-10-23,12571,0,0
2023-10-30,12792,0,0
2023-11-06,12091,0,0
2023-11-13,11773,0,0
2023-11-20,11805,0,0
2023-11-27,12388,0,0
2023-12-04,13023,0,0
2023-12-11,14116,0,0
2023-12-18,15737,0,1
2023-12-25,14449,0,1
2024-01-01,12680,0,1
2024-01-08,10813,0,0
2024-01-15,10876,0,0
2024-01-22,11754,0,0
2024-01-29,13007,0,0
2024-02-05,15415,1,0
2024-02-12,12025,0,0
2024-02-19,11887,0,0
2024-02-26,12281,0,0
2024-03-04,11532,0,0
2024-03-11,11383,0,0
2024-03-18,12351,0,0
2024-03-25,14172,0,1
2024-04-01,13442,0,0
2024-04-08,12833,0,0
2024-04-15,14944,1,0
2024-04-22,11279,0,0
2024-04-29,12004,0,0
2024-05-06,12703,0,0
2024-05-13,12278,0,0
2024-05-20,11762,0,0
2024-05-27,11471,0,0
2024-06-03,11882,0,0
2024-06-10,12136,0,0
2024-06-17,11896,0,0
2024-06-24,12310,0,0
2024-07-01,11290,0,0
2024-07-08,12099,0,0
2024-07-15,12661,0,0
2024-07-22,13209,0,0
2024-07-29,13067,0,0
2024-08-05,13628,0,0
2024-08-12,13587,0,0
2024-08-19,13190,0,0
2024-08-26,12705,0,0
2024-09-02,11859,0,0
2024-09-09,11316,0,0
2024-09-16,11949,0,0
2024-09-23,11926,0,0
2024-09-30,12105,0,0
2024-10-07,12556,0,0
2024-10-14,11650,0,0
2024-10-21,11565,0,0
2024-10-28,11918,0,0
2024-11-04,12217,0,0
2024-11-11,14244,1,0
2024-11-18,11902,0,0
2024-11-25,12871,0,0
2024-12-02,12872,0,0
2024-12-09,13510,0,0
2024-12-16,14517,0,0
2024-12-23,14849,0,1
2024-12-30,12092,0,1
2025-01-06,10993,0,0
2025-01-13,11269,0,0
2025-01-20,12375,0,0
2025-01-27,12397,0,0
2025-02-03,12366,0,0
2025-02-10,11940,0,0
2025-02-17,13302,0,0
2025-02-24,12843,0,0
2025-03-03,13410,0,0
2025-03-10,15028,1,0
2025-03-17,12086,0,0
2025-03-24,12376,0,0
2025-03-31,12945,0,0
2025-04-07,13848,0,0
2025-04-14,13865,0,1
2025-04-21,12887,0,0
2025-04-28,12387,0,0
2025-05-05,13621,1,0
2025-05-12,10706,0,0
2025-05-19,11443,0,0
2025-05-26,11781,0,0
2025-06-02,11888,0,0
2025-06-09,11897,0,0
2025-06-16,12152,0,0
2025-06-23,11997,0,0
2025-06-30,11816,0,0
2025-07-07,12281,0,0
2025-07-14,13077,0,0
2025-07-21,12650,0,0
2025-07-28,13376,0,0
2025-08-04,13662,0,0
2025-08-11,13618,0,0
2025-08-18,16779,1,0
2025-08-25,12751,0,0
2025-09-01,13978,0,0
2025-09-08,13070,0,0
2025-09-15,13145,0,0
2025-09-22,12941,0,0
2025-09-29,12617,0,0
2025-10-06,13052,0,0
2025-10-13,12966,0,0
2025-10-20,15663,1,0
2025-10-27,12362,0,0
2025-11-03,12626,0,0
2025-11-10,12794,0,0
2025-11-17,13024,0,0
2025-11-24,13834,0,0
2025-12-01,13957,0,0
2025-12-08,15023,0,0
2025-12-15,14522,0,0
2025-12-22,15412,0,1
2025-12-29,15450,1,1
2026-01-05,9966,0,0
2026-01-12,11129,0,0
2026-01-19,12566,0,0
2026-01-26,12384,0,0
2026-02-02,14623,1,0
2026-02-09,11741,0,0
2026-02-16,12364,0,0
2026-02-23,12967,0,0
2026-03-02,12781,0,0
2026-03-09,15049,1,0
2026-03-16,12654,0,0
2026-03-23,13512,0,0
2026-03-30,15563,0,1
2026-04-06,14142,0,0
2026-04-13,13408,0,0
2026-04-20,12290,0,0
2026-04-27,13122,0,0
2026-05-04,12599,0,0
2026-05-11,14922,1,0
2026-05-18,11923,0,0
2026-05-25,12948,0,0
2026-06-01,13176,0,0
2026-06-08,14283,0,0
2026-06-15,13501,0,0
2026-06-22,12864,0,0
2026-06-29,12781,0,0
2026-07-06,14912,1,0
2026-07-13,12812,0,0
2026-07-20,14485,0,0
2026-07-27,14363,0,0
2026-08-03,14272,0,0
2026-08-10,14697,0,0
2026-08-17,15577,0,0
2026-08-24,13566,0,0
2026-08-31,13928,0,0
2026-09-07,13309,0,0
2026-09-14,14005,0,0
2026-09-21,13409,0,0
2026-09-28,13482,0,0
